symbol,datestart,dateend,start,end,opening,closing,highest,lowest,volume,pvolume,svolume,amount,pamount,samount,nmatches,BBAND20UP,BBAND20DOWN,EMA20,EMA50,EMA100,MACD,MACDSIGNAL,MACDHISTOG,ROCP5,ROCP10,ROCP20,RSI6,RSI12,RSI24,SMA5,SMA10,SMA20,SMA50,SMA200,ASKS1P,ASKS1S,ASKS2P,ASKS2S,ASKS3P,ASKS3S,ASKS4P,ASKS4S,ASKS5P,ASKS5S,BIDS1P,BIDS1S,BIDS2P,BIDS2S,BIDS3P,BIDS3S,BIDS4P,BIDS4S,BIDS5P,BIDS5S
ETH-BTC,2019-07-30T11:41:43,2019-07-30T11:42:44,1564486903,1564486964,0,0.02195,0.02195,0,89.9599866,27.1567897,62.8031969,1.9744724872656,0.5960556777365,1.3784168095291,35,0.021961369131620365,0.021903330868379634,0.021928850979931667,0.021929249160852694,0.021927012687736072,-2.6180690898165715e-06,-1.333694146137934e-06,-1.2843749436786375e-06,0.17342095655348594,0.09576360071138759,0.03190083397894573,65.8403989859319,58.4638674747369,55.29798952900311,0.02191540000000004,0.021926700000000014,0.02193235,0.021930839999999972,0.02192014000000002,0.02195,0.1008465,0.021953,7.2333146,0.021959,8.0159,0.02196,6.2596,0.021968,20.1783581,0.021948,0.0911244,0.021947,0.0535159,0.021944,0.2498747,0.021943,2.8239,0.021936,8.0159
ETH-BTC,2019-07-30T11:42:44,2019-07-30T11:43:44,1564486964,1564487024,0.02195,0.021944,0.021944,0.021942,113.68386782,31.72541862,81.9584492,2.49591785135696,0.69648944615576,1.7994284052012,50,0.02196149570415027,0.021903304295849732,0.0219302937437477,0.02192982762513298,0.021927349070157143,-1.060252944152379e-06,-1.279005905740823e-06,2.1875296158844402e-07,0.16432353478182082,0.1049222207016203,0.04103031684523393,60.90562606010697,55.73617727082537,53.64076481495279,0.02192180000000004,0.021928200000000016,0.0219324,0.02193105999999997,0.02191990500000002,0.02195,0.0059425,0.021951,14.8727472,0.021967,0.0076667,0.021968,21.8973947,0.021969,2,0.021929,1.7746333,0.021928,8.0159,0.021925,0.0048038,0.021924,3.299123,0.021918,1.3188344
ETH-BTC,2019-07-30T11:43:44,2019-07-30T11:44:44,1564487024,1564487084,0.021944,0.021941,0.021941,0.021931,56.72856552,11.7441027,44.98446282,1.24466762121847,0.2576764157421,0.98699120547637,32,0.0219620196180057,0.021903380381994304,0.0219313133872003,0.021930265757480708,0.021927619385599572,-6.697530360519344e-08,-1.036599785313697e-06,9.696244817085036e-07,0.17349221567821688,-0.03189356661199226,0.022793581327489338,58.2845511913936,54.35296352410778,52.81495061299959,0.02192840000000004,0.021930200000000014,0.021932700000000003,0.021931199999999974,0.02191969000000002,0.021945,1.5198453,0.021947,0.0489251,0.021949,0.1174648,0.02195,0.0059425,0.021951,6.2596,0.021936,7.78822055,0.021935,2.8239,0.02193,0.0158938,0.021922,3.1523615,0.021919,2
ETH-BTC,2019-07-30T11:44:44,2019-07-30T11:45:44,1564487084,1564487144,0.021941,0.021941,0.021961,0.021941,99.54711181,38.5530609,60.99405091,2.1847554965565,0.8461476930776,1.3386078034789,42,0.021962462539707725,0.021903437460292274,0.021932235921752655,0.02193068670816774,0.021927884348260963,7.119969253586989e-07,-6.868804431792179e-07,1.3988773685379167e-06,0.1689189189189136,-0.013671162960276158,-0.013671162960276158,58.2845511913936,54.35296352410777,52.81495061299959,0.02193600000000004,0.02192950000000001,0.02193295,0.021931299999999973,0.021919540000000022,0.021959,6.2596,0.02196,6.8627897,0.021961,6.2327648,0.021965,0.0064309,0.021966,0.0076667,0.02194,0.2499202,0.021938,8.0159,0.02193,0.0158938,0.021928,3.0838717,0.021927,0.0040884
ETH-BTC,2019-07-30T11:45:44,2019-07-30T11:46:44,1564487144,1564487204,0.021941,0.021957,0.021957,0.02194,92.3209141,44.0954879,48.2254262,2.02676020491646,0.9680293106698,1.05873089424666,38,0.021964592902413295,0.021902607097586707,0.02193459440539526,0.021931718601965085,0.02192846089582015,2.590542154026765e-06,-3.139592373802146e-08,2.6219380777647863e-06,0.031890660592255406,0.04100601421542766,0.1002963300661098,68.64699890604493,60.564701151829084,56.687248007434356,0.02194660000000004,0.021930800000000014,0.0219336,0.021931719999999974,0.021919500000000022,0.021965,9.2945872,0.021967,0.0076667,0.021973,8.0159,0.021989,0.6812847,0.021992,26.3027829,0.02195,8.0159,0.021946,1,0.021933,2,0.02193,0.0158938,0.021923,32.4706
ETH-BTC,2019-07-30T11:46:44,2019-07-30T11:47:44,1564487204,1564487264,0.021957,0.02195,0.02195,0.021947,43.15082985,8.15386734,34.99696251,0.94745208197374,0.17903390748304,0.7684181744907,24,0.02196615738907864,0.021902542610921363,0.021936061604881426,0.021932435519535082,0.021928887412734605,3.4744104425374345e-06,6.697653495170698e-07,2.8046450930203646e-06,0.027342325920520695,0.17342095655348594,0.07750877672912805,60.72729940550629,56.87102999184026,54.64015454151019,0.02194660000000004,0.021931000000000013,0.021934350000000002,0.021932019999999972,0.021919425000000024,0.021962,6.8627897,0.021965,0.0064309,0.021967,0.0076667,0.021969,8.0159,0.021972,2.9141859,0.021949,1.1055,0.021948,0.11127,0.021946,8.0159,0.021944,0.2498747,0.021936,0.28869
ETH-BTC,2019-07-30T11:47:44,2019-07-30T11:48:44,1564487264,1564487324,0.02195,0.021956,0.021956,0.021941,75.13270026,27.5174994,47.61520086,1.64963115817776,0.6041753013879,1.04545585678986,34,0.02196866323265305,0.021902336767346958,0.021937960499654623,0.02193335961680822,0.02192942429565075,4.6059379000054634e-06,1.4569998596147486e-06,3.1489380403907147e-06,0.06836516111390148,0.21909804637575053,0.091174325309989,64.89323384125194,59.19785344480219,56.05939171844478,0.021949000000000038,0.021935400000000015,0.021935500000000004,0.021932459999999977,0.021919370000000025,0.021959,3.1298,0.021961,0.0921233,0.021962,6.8627897,0.021964,8.0159,0.021965,0.0076667,0.021951,0.042,0.021949,1.1064,0.021944,0.2498747,0.021942,8.0159,0.021941,1.0003
ETH-BTC,2019-07-30T11:48:44,2019-07-30T11:49:44,1564487324,1564487384,0.021956,0.021955,0.021957,0.021955,122.8460632,48.2984499,74.5476133,2.6972153772509,1.0604330347901,1.6367823424608,59,0.021970687260404423,0.021902212739595583,0.021939583309211325,0.02193420825928633,0.021929930745241823,5.360200860698994e-06,2.2376400598315976e-06,3.122560800867396e-06,0.06380748370630383,0.2374104004017713,0.07292948630292471,63.545097821919555,58.62281310590584,55.755997599014314,0.021951800000000035,0.021940100000000014,0.021936450000000003,0.021932879999999978,0.021919075000000024,0.021959,6.2596,0.02196,8.0159,0.021961,0.0921233,0.021962,6.8627897,0.021965,0.0076667,0.021955,0.1586746,0.021951,0.0495574,0.021944,0.2008,0.021943,1.1068,0.021942,2.7399
ETH-BTC,2019-07-30T11:49:44,2019-07-30T11:50:44,1564487384,1564487444,0.021955,0.021957,0.021957,0.021955,112.264541,26.3360507,85.9284903,2.4649852465418,0.5782606695037,1.8867245770381,43,0.02197273516638367,0.02190196483361633,0.02194124204166739,0.021935102053039807,0.02193046677008852,6.0496068742255105e-06,3.0000334227103807e-06,3.04957345151513e-06,0,0.24196493791088824,0.06380166795789145,65.27639015132664,59.48155699034746,56.25013631598007,0.021955000000000034,0.021945500000000014,0.02193735,0.021933399999999978,0.021918960000000022,0.021957,14.2755,0.021959,0.2335691,0.021962,6.8627897,0.021965,0.2067309,0.021967,2.4253666,0.021956,1.2634164,0.021951,0.0495574,0.021948,0.1317,0.021941,1.1068,0.021939,2.7408
ETH-BTC,2019-07-30T11:50:44,2019-07-30T11:51:44,1564487444,1564487504,0.021957,0.021956,0.021957,0.021956,1.03359401,0.098656,0.93493801,0.02269368873956,0.002166189792,0.02052749894756,5,0.02197424362012824,0.021901756379871764,0.021942647561508592,0.02193592158037158,0.02193097237860162,6.441026322155652e-06,3.6882320025994354e-06,2.7527943195562164e-06,0.0273348519362144,0.0273348519362144,0.091174325309989,63.46788502404813,58.815740070197734,55.92426348070712,0.02195480000000003,0.021950700000000014,0.021938000000000003,0.02193401999999998,0.02191899500000002,0.021957,6.160944,0.021958,8.0159,0.021959,0.2335691,0.021961,2.4253666,0.021962,0.2009,0.021956,0.60657979,0.021951,0.0495574,0.021943,0.042,0.021941,1.1273,0.021939,2.7408
ETH-BTC,2019-07-30T11:51:44,2019-07-30T11:52:44,1564487504,1564487564,0.021956,0.021952,0.021957,0.021952,17.513632,17.27087,0.242762,0.3844733912678,0.3791433102964,0.0053300809714,7,0.02197553472471654,0.02190206527528346,0.021943538269936346,0.02193655210663152,0.02193138876714416,6.355203652330665e-06,4.221626332545682e-06,2.1335773197849833e-06,-0.018218254691203,0.03645643456068899,0.10488394363627486,56.01825918170816,56.07666924683167,54.60390553396114,0.02195520000000003,0.021950900000000016,0.0219388,0.021934579999999978,0.02191903000000002,0.021952,10.21753,0.021959,1,0.021961,2.4253666,0.021962,6.8627897,0.021964,0.0064309,0.021951,0.0495574,0.021946,0.3880804,0.021934,1.1274,0.021932,2.9409,0.021931,2.0246561
ETH-BTC,2019-07-30T11:52:44,2019-07-30T11:53:44,1564487564,1564487624,0.021952,0.021935,0.021947,0.021935,54.8099385,15.0365031,39.7734354,1.202848682259,0.3300150917454,0.8728335905136,33,0.02197560698563289,0.02190259301436711,0.02194272510137098,0.021936491239704797,0.02193146027670566,4.8594143394788125e-06,4.349183933932308e-06,5.102304055465047e-07,-0.09109542245501794,-0.02734606444555427,0.0638656995575025,35.04165388926144,46.11882327303669,49.428534610674205,0.021951000000000033,0.021950000000000018,0.0219391,0.021934759999999977,0.021919005000000023,0.021939,3.1298,0.02194,8.0159,0.021941,0.2005,0.021947,0.162468,0.021948,0.05,0.021932,0.2500114,0.02193,0.0158938,0.021923,1.9749333,0.02192,5.9514514,0.021918,8.0159
ETH-BTC,2019-07-30T11:53:44,2019-07-30T11:54:44,1564487624,1564487684,0.021935,0.021929,0.021929,0.021927,35.7060859,15.0703614,20.6357245,0.7830942088104,0.3305231662248,0.4525710425856,25,0.0219753747822293,0.021903625217770693,0.021941417948859458,0.021936197465598727,0.021931411558355055,3.1534892158541217e-06,4.1100449903166704e-06,-9.565557744625488e-07,-0.12752197476886754,-0.05469212889110854,-0.08656825223254139,30.24495825251452,43.16740968019197,47.76136331418203,0.021945800000000033,0.02194880000000002,0.021939499999999997,0.02193487999999998,0.02191906000000002,0.021935,0.0730308,0.021941,0.2005,0.021945,8.0159,0.021947,2.4253666,0.021948,2.7164262,0.021929,0.0834033,0.021924,2.7408,0.021923,0.2003,0.021922,8.0159,0.021914,0.05
ETH-BTC,2019-07-30T11:54:44,2019-07-30T11:55:44,1564487684,1564487744,0.021929,0.021928,0.021928,0.021927,123.17698474,53.58448874,69.592496,2.70141222469384,1.17520138441824,1.5262108402756,58,0.02197448610843089,0.0219025138915691,0.02194014004896808,0.02193587599635956,0.021931344002744064,1.7012289142588621e-06,3.628281775105109e-06,-1.9270528608462467e-06,-0.1275277828384052,-0.13207633101061733,-0.0729128691214096,29.43900348778537,42.67090762958272,47.48283376631652,0.021940000000000032,0.02194750000000002,0.021938499999999996,0.02193495999999998,0.02191895500000002,0.02193,0.3056918,0.021931,8.855919,0.021937,8.0159,0.02194,0.2001,0.021952,2.05,0.021926,0.1040401,0.021925,0.2500912,0.021923,0.2009,0.021917,10.7567,0.021914,0.05
ETH-BTC,2019-07-30T11:55:44,2019-07-30T11:56:44,1564487744,1564487804,0.021928,0.02194,0.02194,0.021926,68.4088733,22.571685,45.8371883,1.5004948011595,0.495152110165,1.0053426909945,31,0.02197420598835849,0.021902394011641506,0.02194012671097112,0.021936037721992523,0.02193151540863032,1.5012958698296108e-06,3.2028845940500098e-06,-1.701588724220399e-06,-0.05466472303206142,-0.04555808656036261,-0.03644979041369416,49.006491080973646,50.17325819623211,51.056808642578964,0.021936800000000027,0.021945800000000022,0.021938299999999997,0.02193525999999998,0.021918875000000018,0.021948,6.2596,0.021949,12.8356077,0.02195,17.3040563,0.021959,3.0667362,0.02196,1.7163262,0.021945,0.3759604,0.021942,0.0548215,0.021933,0.0060343,0.021931,0.908,0.02193,0.029721
ETH-BTC,2019-07-30T11:56:44,2019-07-30T11:57:44,1564487804,1564487864,0.02194,0.021934,0.021934,0.021923,116.6289017,50.1737998,66.4551019,2.5586564027596,1.1007645110609,1.4578918916987,84,0.021973267352018332,0.021901932647981657,0.021939543214688155,0.02193595781132615,0.02193156460845942,8.48911907727623e-07,2.732090056785533e-06,-1.8831781490579098e-06,-0.004558924093918395,-0.1002004008016086,0.10040160642569237,42.0156048862967,46.83046634002423,49.306137380479235,0.02193320000000003,0.02194420000000002,0.021937599999999995,0.02193527999999998,0.021918750000000018,0.021941,6.8548416,0.021943,3.0166551,0.021944,8.0159,0.021946,0.03,0.021947,1.0003,0.021928,3.2391,0.021927,0.0079481,0.021926,0.0079481,0.021925,0.2008184,0.021921,8.0159
ETH-BTC,2019-07-30T11:57:44,2019-07-30T11:58:44,1564487864,1564487924,0.021934,0.021925,0.021925,0.021921,18.74481,3.9672771,14.7775329,0.4110867433019,0.0870066485862,0.3240800947157,44,0.021972472068902973,0.02190402793109702,0.021938158146622616,0.02193552809323493,0.0219314346162127,-3.8983805583300835e-07,2.107704434261825e-06,-2.4975424900948334e-06,-0.018240685849790373,-0.1366431336825269,0.07759722475807766,33.43131163003267,42.22678869819484,46.79470046391049,0.021931200000000033,0.021941100000000022,0.021938249999999996,0.02193501999999998,0.021918625000000018,0.021926,0.0079878,0.021938,0.2772782,0.021939,6.9879805,0.021946,0.2005,0.021947,9.7322262,0.021925,11.1741044,0.021914,1.0001,0.021908,3.0009,0.021905,2.7581851,0.021904,11.8384788
ETH-BTC,2019-07-30T11:58:44,2019-07-30T11:59:44,1564487924,1564487984,0.021925,0.021932,0.021932,0.021925,59.95575748,23.3307711,36.62498638,1.31491490812708,0.5116814916638,0.80323341646328,48,0.02197091728459845,0.021907982715401543,0.02193757165646808,0.021935389736637483,0.02193144581193126,-7.975214967315125e-07,1.5266592480631574e-06,-2.32418074479467e-06,0.018241517694274584,-0.113858906043634,0.1324019540702244,44.09240016257582,46.67467829630562,48.90684180437339,0.02193180000000003,0.021938800000000022,0.021939449999999996,0.02193509999999998,0.021918510000000016,0.021938,0.2722197,0.021939,6.9879805,0.021944,8.216,0.021948,4.1990377,0.021951,2.7171262,0.021927,0.2209639,0.021926,0.14913,0.021925,8.2659912,0.021924,0.5875,0.021922,2.4664
ETH-BTC,2019-07-30T11:59:44,2019-07-30T12:00:44,1564487984,1564488044,0.021932,0.021927,0.021932,0.021927,158.4141169,69.099959,89.3141579,3.4743543575959,1.5155095786511,1.9588447789448,56,0.02196803083271195,0.02191326916728804,0.021936564832042548,0.021935060727357583,0.02193135777605143,-1.506703434794865e-06,9.19986711491553e-07,-2.426690146286418e-06,-0.059252506836839525,-0.1320823465112099,0.10500365230094373,38.77029053863284,44.03307825334939,47.50134657537226,0.02193160000000003,0.021935800000000023,0.021940649999999996,0.021935019999999982,0.021918400000000015,0.021938,0.3839448,0.021939,13.1144416,0.021942,0.05178,0.021944,2.6990378,0.021948,8.0159,0.021927,8.2298898,0.021925,1.0379912,0.021922,2.4664,0.021914,1.0046855,0.021911,3.3182235
ETH-BTC,2019-07-30T12:00:44,2019-07-30T12:01:44,1564488044,1564488104,0.021927,0.021937,0.021937,0.021927,106.7973871,67.8463625,38.9510246,2.3425012123747,1.4881679779136,0.8543332344611,65,0.021964044884455886,0.021920555115544103,0.021936606276609923,0.02193513677726513,0.02193146950325833,-1.2474391021116693e-06,4.865015487709085e-07,-1.7339406508825777e-06,0.013677395823848821,-0.06833090379007678,-0.059225512528469804,52.523646223312134,50.184415232754795,50.47181907268177,0.02193100000000003,0.021933900000000024,0.021942299999999994,0.021935319999999984,0.021918375000000014,0.021937,6.2611291,0.021942,8.0159,0.021946,0.042,0.021952,2.6990378,0.021956,1.7163262,0.021936,2.0733283,0.021933,5.3847532,0.021927,0.2086598,0.021923,0.2006,0.021922,0.6963
ETH-BTC,2019-07-30T12:01:44,2019-07-30T12:02:44,1564488104,1564488164,0.021937,0.021913,0.02193,0.021913,67.6169552,23.6754731,43.9414821,1.4827846298853,0.519168927904,0.9636157019813,57,0.021965329509641463,0.021915570490358523,0.02193435805978993,0.021934268668352776,0.02193110377052054,-2.944625860243355e-06,-1.9972393303194422e-07,-2.7449019272114106e-06,-0.054732041049038054,-0.1002963300661098,-0.14126868392272715,31.892379691126564,38.97016695030748,44.20757448460154,0.02192680000000003,0.021930000000000022,0.021940449999999993,0.021935079999999985,0.021918215000000015,0.021913,5.8942692,0.021914,7.6538966,0.021921,1.654116,0.021923,0.03,0.021926,1.7163262,0.021907,5.2086737,0.021906,0.042,0.021905,5.2086737,0.0219,2.5304,0.021898,1.4027935
ETH-BTC,2019-07-30T12:02:44,2019-07-30T12:03:44,1564488164,1564488224,0.021913,0.021913,0.021913,0.021896,65.56949766,33.16771476,32.4017829,1.43644768639814,0.72660586747004,0.7098418189281,43,0.021966423807876088,0.0219113761921239,0.021932323958857556,0.02193343460292718,0.021930745280015183,-4.240773595412528e-06,-1.007933865508061e-06,-3.232839729904467e-06,-0.08663140616451602,-0.07296274339916149,-0.12761496741260767,31.892379691126564,38.97016695030748,44.207574484601544,0.02192440000000003,0.021927800000000018,0.021938899999999994,0.021934919999999986,0.02191812500000001,0.021913,0.4214123,0.021922,6.2596,0.021925,8.0159,0.021926,0.2005,0.021936,2.6990378,0.021909,5.6851875,0.021908,0.14617,0.021902,8.0159,0.021901,5.6851875,0.021895,0.0485143
ETH-BTC,2019-07-30T12:03:44,2019-07-30T12:04:44,1564488224,1564488284,0.021913,0.021918,0.021918,0.021899,38.59894605,19.67949145,18.9194546,0.84577815722542,0.43121991405972,0.4145582431657,38,0.021966711180915144,0.021908788819084847,0.021930959772299693,0.021932829324381016,0.021930492898232703,-4.809085654641082e-06,-1.7681642233346655e-06,-3.0409214313064166e-06,-0.041045286632911904,-0.04560379423567855,-0.10482658037463523,39.07211420056888,42.173933305950136,45.735359523754376,0.02192160000000003,0.021926700000000018,0.021937749999999995,0.021934679999999988,0.02191804500000001,0.021912,1.2281722,0.021917,1.1015903,0.02192,8.2164,0.021921,0.0894358,0.02193,2.6990378,0.021904,1.4832,0.021903,0.2503424,0.021901,0.042,0.021897,13.7770994,0.021896,5.7611994
ETH-BTC,2019-07-30T12:04:44,2019-07-30T12:05:44,1564488284,1564488344,0.021918,0.021912,0.021912,0.021904,104.42583064,37.55915294,66.8666777,2.28789429713137,0.82292280534087,1.4649714917905,47,0.02196729741924741,0.02190530258075258,0.021929154079699722,0.02193201248813078,0.021930126702228096,-5.678172474210541e-06,-2.550165873509841e-06,-3.1280066007007e-06,-0.1139627114008329,-0.12762078395624543,-0.20494603087853488,33.92262015202843,39.4620669077649,44.219140439994064,0.021918600000000028,0.02192510000000002,0.021936299999999995,0.021934159999999987,0.021917985000000015,0.021917,1.1015903,0.02192,0.05,0.021921,0.0894358,0.021922,8.2162,0.021932,3.3518824,0.021908,5.7611994,0.021907,0.2502967,0.021905,0.11646,0.021903,2.9122,0.021897,13.7770994
ETH-BTC,2019-07-30T12:05:44,2019-07-30T12:06:44,1564488344,1564488404,0.021912,0.021914,0.021914,0.021904,103.72504493,56.31948033,47.4055646,2.27278668675949,1.23407036543459,1.0387163213249,61,0.02196507102844343,0.021903228971556554,0.021927710834014034,0.02193130611604722,0.021929807361589917,-6.1348282733159065e-06,-3.2670983534710544e-06,-2.867729919844852e-06,0.004563501118062338,-0.0911826388255639,-0.16400911161731802,37.23163312238846,40.845254484304256,44.85502453149973,0.021914000000000024,0.02192250000000002,0.021934149999999993,0.021933899999999985,0.021917915000000013,0.02192,0.37694019,0.021921,0.03,0.021927,13.2322296,0.021928,8.0159,0.021932,3.2146688,0.021909,6.3707259,0.021908,0.0084837,0.021905,8.0159,0.021903,0.12081,0.021901,1.6087
ETH-BTC,2019-07-30T12:06:44,2019-07-30T12:07:44,1564488404,1564488464,0.021914,0.021904,0.021904,0.0219,62.54678705,26.65049146,35.89629559,1.37049657351943,0.58395546714264,0.78654110637679,37,0.02196450746469032,0.021899192535309666,0.02192545265934603,0.021930235287966938,0.02192929632472675,-7.2204152581044345e-06,-4.05776173439773e-06,-3.1626535237067045e-06,-0.04107151006251355,-0.09578107183580473,-0.23683731098560742,28.629431303631847,36.31893540850556,42.33696556938037,0.021912200000000024,0.021919500000000015,0.021931849999999992,0.021933319999999985,0.021917760000000012,0.02191,0.2332441,0.021917,8.0159,0.02192,0.03,0.021926,2.8774187,0.021929,1.4999999,0.021904,0.994354,0.021902,6.8627897,0.0219,6.4504845,0.021896,2.9135,0.021895,0.0485143
ETH-BTC,2019-07-30T12:07:44,2019-07-30T12:08:44,1564488464,1564488524,0.021904,0.021909,0.021909,0.0219,75.27601003,12.26846953,63.0075405,1.64925124961767,0.26880128820397,1.3804499614137,42,0.021961627869521643,0.021897372130478345,0.021923885739408313,0.02192940253157608,0.02192889441730642,-7.589802038118765e-06,-4.764169795141937e-06,-2.8256322429768276e-06,-0.04106214070626239,-0.1048695969359781,-0.20951947164653809,37.31876254606089,39.94874790637239,43.97781323573103,0.021911400000000022,0.021917900000000018,0.021929499999999994,0.021932979999999987,0.021917665000000013,0.021913,2.0758931,0.021914,8.0159,0.021915,0.0047811,0.021917,0.2008,0.021924,19.8291243,0.021906,0.0253479,0.021901,6.6791301,0.0219,3.4070314,0.021899,2.9135,0.021898,0.03
ETH-BTC,2019-07-30T12:08:44,2019-07-30T12:09:44,1564488524,1564488584,0.021909,0.021904,0.021904,0.021894,167.59079325,53.17874325,114.41205,3.67084597521979,1.16480174716569,2.5060442280541,74,0.021958670498104533,0.021895229501895454,0.021921991859464664,0.02192840635386721,0.021928401458547877,-8.191574563339021e-06,-5.449650748781354e-06,-2.741923814557667e-06,-0.036509675063896775,-0.10489351028411874,-0.24138088081250153,32.561540859916235,37.61008943604481,42.70963573456585,0.02190860000000002,0.021915100000000017,0.021926949999999994,0.021932419999999984,0.021917545000000014,0.021913,13.86790076,0.021916,0.2001,0.021924,0.48243,0.021926,2.9759667,0.021929,0.05,0.021895,0.03,0.02189,19.6687667,0.021886,0.05,0.021885,0.0018324,0.021883,0.0005779
ETH-BTC,2019-07-30T12:09:44,2019-07-30T12:10:44,1564488584,1564488644,0.021904,0.021911,0.021911,0.021894,80.48488943,25.12479793,55.3600915,1.76312259109108,0.55035333976638,1.2127692513247,69,0.02195389568344217,0.02189540431655782,0.021920945015706125,0.021927723751754773,0.021928056875210294,-8.011292928527397e-06,-5.961979184730563e-06,-2.049313743796834e-06,-0.01368987861640746,-0.11852121985687065,-0.20495536527600614,44.45662915509481,42.73048738842065,45.02553091388866,0.021908400000000026,0.021913500000000016,0.021924649999999993,0.021931979999999983,0.021917475000000013,0.021918,6.3438079,0.021919,7.53709212,0.02192,6.2596,0.021928,0.2001,0.021929,3.3344632,0.021905,0.1104,0.0219,2.4297,0.021899,0.3759737,0.021898,0.0514906,0.021896,8.0159
ETH-BTC,2019-07-30T12:10:44,2019-07-30T12:11:44,1564488644,1564488704,0.021911,0.021914,0.021914,0.021906,95.90194032,32.21561252,63.6863278,2.1013142017379,0.7059238782768,1.3953903234611,50,0.021948314122340953,0.02189678587765903,0.021920283585638876,0.02192718556541145,0.021927778521245736,-7.539433608618612e-06,-6.277470069508173e-06,-1.2619635391104386e-06,0.045653761869976224,0.004563501118062338,-0.17310495626822084,49.076040690118866,44.84676256547934,46.00169773224175,0.021908400000000026,0.021911200000000013,0.021922549999999992,0.021931599999999985,0.021917435000000013,0.021914,6.2596,0.021915,7.53699606,0.021919,6.0656041,0.021929,0.71961,0.021931,2.863315,0.021905,1.8253171,0.021904,1,0.021902,1.1383556,0.021901,1.6895,0.021899,3.5272856
ETH-BTC,2019-07-30T12:11:44,2019-07-30T12:12:44,1564488704,1564488764,0.021914,0.021921,0.021921,0.021911,89.91696282,16.05957612,73.8573867,1.97061609432168,0.35200045904618,1.6186156352755,43,0.021942936271333112,0.02189906372866688,0.021920351815578033,0.021926942994218844,0.021927644293102257,-6.525419228534113e-06,-6.327059901313362e-06,-1.9835932722075122e-07,0.054772011502113846,0.03650800894446704,-0.06382493731479427,58.69476631204593,49.588561026339754,48.23949971124809,0.021911800000000026,0.021912000000000015,0.021920999999999996,0.021931519999999986,0.02191742000000001,0.021929,8.0159,0.021933,0.2003,0.02194,20.2090958,0.021941,1.4999999,0.021942,5.5029891,0.021916,1.5784757,0.021913,1,0.021911,1.5784757,0.021907,1.0005,0.021906,8.0159
ETH-BTC,2019-07-30T12:12:44,2019-07-30T12:13:44,1564488764,1564488824,0.021921,0.021931,0.021931,0.021918,114.5797857,28.0638444,86.5159413,2.51202513394646,0.61528231447326,1.8967428194732,47,0.02194229046300106,0.021899309536998934,0.021921365928380124,0.021927102092484774,0.021927710742743797,-4.85887896803372e-06,-6.033423714657434e-06,1.1745447466237142e-06,0.1232651570489374,0.05931198102016208,0.009120342924887276,68.79801079419555,55.54495791158155,51.25106345275018,0.021916200000000028,0.021913800000000018,0.021920799999999997,0.021931279999999984,0.021917495000000013,0.021931,4.32729159,0.021932,6.2596,0.021936,8.216,0.021946,3.3171716,0.021947,0.52395,0.021918,0.2003,0.021916,1.5784757,0.021913,8.0159,0.021911,1.5784757,0.021908,1.0008
ETH-BTC,2019-07-30T12:13:44,2019-07-30T12:14:44,1564488824,1564488884,0.021931,0.02193,0.02193,0.021917,140.3499597,75.770856,64.5791037,3.07777780696504,1.66170508451194,1.4160727224531,61,0.02194242104540814,0.021899278954591858,0.02192218822091535,0.021927215735916744,0.02192775607457065,-3.5775852714227396e-06,-5.542256026010495e-06,1.9646707545877558e-06,0.08671443567158804,0.08214676889375983,0.009120758847145204,66.83623662112183,54.83811065309646,50.94178394204506,0.021921400000000025,0.021915000000000018,0.02192085,0.021931179999999984,0.021917555000000012,0.021934,8.0159,0.021937,0.2499544,0.021943,6.0548684,0.021945,0.11361,0.021953,1.4999999,0.021926,0.2006,0.021919,3.5069591,0.021916,1.5784757,0.021914,1.0008,0.021911,8.0159
ETH-BTC,2019-07-30T12:14:44,2019-07-30T12:15:44,1564488884,1564488944,0.02193,0.021926,0.021926,0.021917,81.5353129,36.5616703,44.9736426,1.7875459693064,0.8015404375194,0.986005531787,41,0.021942205768455122,0.02189929423154487,0.021922551247494843,0.02192716805999844,0.021927721300816775,-2.852040805172845e-06,-5.004212981842965e-06,2.15217217667012e-06,0.05475951446564568,0.05475951446564568,-0.06381039197812272,58.78959210215593,51.95314069581071,49.69019317595467,0.021924400000000024,0.02191640000000002,0.021920749999999996,0.021930979999999985,0.02191759500000001,0.021934,3.3558306,0.021935,2.8533204,0.021937,11.7728135,0.021938,0.042,0.021946,1.0003,0.021919,2.8695,0.021918,3.31945092,0.021914,8.0159,0.021911,0.40497,0.021905,2
ETH-BTC,2019-07-30T12:15:44,2019-07-30T12:16:44,1564488944,1564489004,0.021926,0.021931,0.021931,0.021911,56.2183925,33.97290168,22.24549082,1.2326306472476,0.74488730432178,0.48774334292582,38,0.02194046035713969,0.021900139642860302,0.021923355890590572,0.021927318332155363,0.021927786225553074,-1.852231997650361e-06,-4.373816785004445e-06,2.521584787354084e-06,0.04561835682678524,0.1232651570489374,-0.013677395823833005,65.09338360171998,55.16926789164408,51.25238720096518,0.02192780000000002,0.02191810000000002,0.021920299999999997,0.021930719999999987,0.02191765000000001,0.021926,8.0159,0.021933,4.4936109,0.021934,3.3558306,0.021935,0.2007,0.021937,1.0004,0.021915,0.2006,0.021911,2.288,0.021906,0.05,0.021903,8.0159,0.021898,1.0517906
ETH-BTC,2019-07-30T12:16:44,2019-07-30T12:17:44,1564489004,1564489064,0.021931,0.021914,0.021914,0.021908,144.78714827,74.70850757,70.0786407,3.17334373744225,1.63749257284185,1.5358511646004,59,0.021938609065228536,0.021899990934771456,0.02192246485339147,0.02192679604461986,0.021927513230987666,-2.4039233080218325e-06,-3.979838089607922e-06,1.5759147815860898e-06,-0.07751584515069834,0.022821671459208825,-0.05017103762828092,40.079632613362115,44.19635071065139,46.166448602572345,0.021926400000000023,0.021919100000000018,0.021919299999999996,0.021930299999999986,0.02191762500000001,0.02192,1.2036119,0.021921,8.0159,0.021924,1.6799699,0.021925,5.8039323,0.021933,0.05,0.021909,1.0542833,0.021908,1.0542833,0.021906,0.2001,0.021898,8.0673906,0.021896,1.0004
ETH-BTC,2019-07-30T12:17:44,2019-07-30T12:18:44,1564489064,1564489124,0.021914,0.021908,0.02191,0.021908,166.0474657,87.28261,78.7648557,3.6382932382791,1.912447660355,1.7258455779241,64,0.021938172829411618,0.021898727170588373,0.02192108724830657,0.021926058944830844,0.02192712683037405,-3.2873974308705867e-06,-3.841349957860455e-06,5.539525269898682e-07,-0.10031919744642583,0.018261504747993658,-0.10942914462885153,34.46963990711298,41.05254393935285,44.53872547585855,0.021921800000000026,0.02191900000000002,0.021918449999999996,0.021929799999999985,0.02191757500000001,0.021914,1.1990379,0.021915,9.0238134,0.021916,0.0061032,0.021917,8.4454231,0.021919,0.2009,0.021903,0.2001,0.021901,0.9662011,0.0219,2.288,0.021898,0.0514906,0.021897,2.8707
ETH-BTC,2019-07-30T12:18:44,2019-07-30T12:19:44,1564489124,1564489184,0.021908,0.021909,0.021909,0.021908,117.6833387,53.2516425,64.4316962,2.5783293071979,1.1666979863619,1.411631320836,49,0.02193640078532416,0.021898199214675826,0.02191993608180118,0.021925389966602184,0.02192676788323793,-3.862342713094324e-06,-3.845548508907229e-06,-1.679420418709532e-08,-0.0775335218462084,-0.009127835333843872,-0.08209057326582381,36.25415586853136,41.8051903525948,44.87672898000455,0.021917600000000027,0.02191950000000002,0.021917299999999994,0.021929259999999985,0.02191754500000001,0.021907,0.0025752,0.021908,6.2596,0.021909,8.0159,0.021914,1.4999999,0.021915,0.0061032,0.021903,0.2001,0.021898,0.0514906,0.021892,1.0004,0.02189,11.6528667,0.021888,8.0159
ETH-BTC,2019-07-30T12:19:44,2019-07-30T12:20:44,1564489184,1564489244,0.021909,0.02191,0.02191,0.021905,122.46913144,47.36368954,75.1054419,2.6830577841166,1.0376529624828,1.6454048216338,54,0.021935259306207298,0.021897640693792696,0.021918989788296307,0.021924786438500137,0.021926435845946092,-4.189011037190188e-06,-3.914241014563821e-06,-2.7477002262636667e-07,-0.09575486753910076,-0.018253171488548558,-0.1230797283129084,38.2713419557208,42.60464028822206,45.22506360385297,0.02191440000000002,0.021919400000000016,0.021916449999999997,0.02192867999999999,0.021917435000000013,0.02191,13.79039595,0.021913,2.2137997,0.021915,5.0228201,0.021919,0.2003,0.021928,3.1740014,0.021909,0.0178181,0.021906,0.33573,0.021904,0.1070473,0.021898,0.0514906,0.021893,0.2003
ETH-BTC,2019-07-30T12:20:44,2019-07-30T12:21:44,1564489244,1564489304,0.02191,0.021905,0.021906,0.021905,68.15240186,28.70303476,39.4493671,1.49301013837801,0.62880271140641,0.8642074269716,32,0.021931741121928392,0.0218979588780716,0.021917657427506183,0.021924010499735424,0.02192601137374914,-4.79607013969402e-06,-4.090606839589861e-06,-7.054633001041585e-07,-0.04106963584922238,-0.07298937092285322,-0.036508008944451206,32.16443545113468,39.63474171614054,43.78159721684377,0.021909200000000024,0.021918500000000018,0.021914849999999996,0.02192791999999999,0.021917270000000016,0.021906,6.0159,0.021908,6.2596,0.02191,0.15114,0.021915,5.0228201,0.021921,3.3066853,0.021904,0.1070473,0.021898,0.0514906,0.021892,0.2002,0.02189,11.6528667,0.021883,9.0166779
ETH-BTC,2019-07-30T12:21:44,2019-07-30T12:22:44,1564489304,1564489364,0.021905,0.021899,0.021899,0.021898,26.75859866,7.79106356,18.9675351,0.58603927767342,0.17066539140662,0.4153738862668,41,0.021932395821439438,0.021895904178560556,0.021915880529648452,0.02192302969582423,0.021925476495061037,-5.695662654309902e-06,-4.41161800253387e-06,-1.2840446517760323e-06,-0.04108088369546313,-0.14591217910720342,-0.0638890156528094,26.154649806610237,36.320345022790335,42.09906052091111,0.02190620000000002,0.02191630000000002,0.021914149999999997,0.021927179999999987,0.021917070000000018,0.021901,10.8033074,0.021905,1,0.021909,8.0159,0.021917,0.05478,0.02192,1.4999999,0.021898,0.0506994,0.02189,11.6528667,0.021886,11.2335,0.021884,2.9722,0.021883,0.0005779
ETH-BTC,2019-07-30T12:22:44,2019-07-30T12:23:44,1564489364,1564489424,0.021899,0.021913,0.021913,0.021898,109.57931369,39.06948479,70.5098289,2.40049437475412,0.85588993497912,1.544604439775,59,0.021932395821439438,0.021895904178560556,0.021915606193491456,0.02192263637441936,0.021925229435752897,-5.2187546511830996e-06,-4.573045332263716e-06,-6.457093189193837e-07,0.018257337167360724,-0.07751937984497548,-0.022812300392378554,51.51857473270071,47.49628020413469,47.05324821828966,0.021907200000000022,0.021914500000000017,0.021914149999999997,0.02192685999999999,0.021917010000000015,0.021913,3.3413036,0.021914,11.1167,0.021919,1.7364283,0.021925,0.05,0.021927,3.3242565,0.021903,1.2749169,0.0219,0.2503767,0.021898,2.3649755,0.021896,0.12999,0.021894,3.0168
ETH-BTC,2019-07-30T12:23:44,2019-07-30T12:24:44,1564489424,1564489484,0.021913,0.02191,0.02191,0.021904,155.56682114,62.47323035,93.09359079,3.40799217956602,1.36857827282357,2.03941390674245,66,0.02193199143634695,0.021895508563653042,0.021915072270301796,0.021922140830324482,0.02192492786276769,-5.024952031626451e-06,-4.6634266721362625e-06,-3.6152535949018817e-07,0,-0.07297272644350143,-0.009127418765982111,47.33763129259872,45.62446596539686,46.16991902523917,0.021907400000000025,0.02191250000000002,0.021913749999999996,0.021926639999999987,0.021916955000000016,0.02191,8.0159,0.021912,0.2188068,0.021913,5.62963021,0.021925,0.18,0.021927,19.7072296,0.0219,0.2503767,0.021898,2.3649755,0.021897,3.1298,0.021894,0.03921,0.021891,3.0168
ETH-BTC,2019-07-30T12:24:44,2019-07-30T12:25:44,1564489484,1564489544,0.02191,0.021899,0.0219,0.021899,103.61298427,56.01371774,47.59926653,2.26948370315525,1.22687912957207,1.04260457358318,79,0.021932438045402777,0.02189376195459722,0.0219135415778921,0.021921233346782348,0.021924414439742586,-5.6933408393022855e-06,-4.8694095055694674e-06,-8.239313337328181e-07,-0.027391006619504818,-0.14591217910720342,-0.06844939308205314,34.8820261411162,39.41165904599023,43.07590537988926,0.02190520000000002,0.021909800000000017,0.021913099999999998,0.021925659999999986,0.021916825000000015,0.0219,2.2413309,0.021901,8.0159,0.021904,1,0.021906,0.89113051,0.021909,0.53094,0.021898,0.0755106,0.02189,11.6528667,0.021884,6.2596,0.021883,0.0005779,0.02188,8.0159
ETH-BTC,2019-07-30T12:25:44,2019-07-30T12:26:44,1564489544,1564489604,0.021899,0.021893,0.021893,0.021872,81.37082463,27.97790013,53.3929245,1.78116724945953,0.61244631579843,1.1687209336611,60,0.021933267681305924,0.021890832318694067,0.02191158523714047,0.021920126156712454,0.02192379237162887,-6.630758385611779e-06,-5.22167928157793e-06,-1.4090791040338493e-06,-0.027398511347545833,-0.09582915031486806,-0.0502191380569786,29.7570887790355,36.45756166271631,41.493263419542075,0.02190280000000002,0.021906000000000016,0.021912049999999995,0.021924639999999985,0.021916670000000017,0.021896,2.4273,0.021897,8.0159,0.0219,3.2414309,0.021908,0.05,0.02191,5.0755236,0.021885,0.6245576,0.021884,0.0456954,0.02188,6.2596,0.021877,0.0006299,0.021875,8.0159
ETH-BTC,2019-07-30T12:26:44,2019-07-30T12:27:44,1564489604,1564489664,0.021893,0.021893,0.021893,0.021889,142.22139869,33.75219079,108.4692079,3.11346631719723,0.73893941735833,2.3745268998389,56,0.021934052161758907,0.021888947838241087,0.021909815214555664,0.021919062385860985,0.021923182621695625,-7.289638134025389e-06,-5.635271052067422e-06,-1.6543670819579673e-06,-0.09127002236115177,-0.06846813949242798,-0.07302934866950624,29.7570887790355,36.45756166271631,41.493263419542075,0.02190160000000002,0.021903900000000018,0.021911499999999997,0.02192353999999998,0.021916555000000018,0.021895,1,0.021897,2.146,0.021899,7.2166288,0.0219,2.2413309,0.021903,8.46884,0.021893,0.3978202,0.021889,6.2596,0.021887,0.0007444,0.021886,0.0001811,0.021884,0.0456954
ETH-BTC,2019-07-30T12:27:44,2019-07-30T12:28:44,1564489664,1564489724,0.021893,0.021902,0.021902,0.021893,133.01153662,51.45436652,81.5571701,2.91271558545152,1.12678187518882,1.7859337102627,77,0.02193406091442959,0.021888239085570405,0.021909070908407505,0.02191839327268997,0.021922763163840266,-7.0048329439305335e-06,-5.909183430440044e-06,-1.0956495134904893e-06,-0.036513007759003166,-0.03195034004290502,-0.009130752373988908,46.67868894018351,43.956407697766046,44.805361761384596,0.02189940000000002,0.021903300000000018,0.021911149999999997,0.021923339999999986,0.021916480000000016,0.021906,1.2886,0.021907,12.8213536,0.021912,8.0159,0.021917,1.7364283,0.021918,4,0.021898,6.8627896,0.021897,1.8269011,0.021896,1.1343544,0.021894,6.2596,0.021892,6.8627896
ETH-BTC,2019-07-30T12:28:44,2019-07-30T12:29:44,1564489724,1564489784,0.021902,0.021906,0.021906,0.021898,35.58635472,10.21872942,25.3676253,0.77943516786913,0.22383389791493,0.5556012699542,26,0.021934052412153102,0.02188844758784689,0.021908778440940125,0.021917907261996245,0.021922431220001846,-6.382779499342767e-06,-6.0039026442205895e-06,-3.788768551221772e-07,0.03196492990547542,-0.0182565038795095,-0.02281958833463343,52.749467126274816,46.98958506745604,46.21737963516042,0.02189860000000002,0.021903000000000016,0.021911249999999997,0.021923299999999982,0.021916470000000018,0.021907,0.807,0.021909,12.8112556,0.02191,8.0109941,0.021912,1.0357822,0.021913,1.7364283,0.021906,0.4256941,0.021896,1.1343544,0.021892,6.2596,0.021887,8.2172444,0.021886,0.0001811
ETH-BTC,2019-07-30T12:29:44,2019-07-30T12:30:44,1564489784,1564489844,0.021906,0.021905,0.021905,0.021897,103.83052015,59.61484095,44.2156792,2.2739671090884,1.3056211084693,0.9683460006191,48,0.021933914973328958,0.021887985026671032,0.02190841858942202,0.021917401094859137,0.021922086047328544,-5.9024495413333156e-06,-5.983612023643135e-06,8.116248230981948e-08,0.05481204037821036,0,-0.04106963584922238,51.007271601002614,46.30608513268909,45.91098347843761,0.021899800000000018,0.02190250000000002,0.021910949999999995,0.021923339999999986,0.021916460000000023,0.021903,1.4456,0.021907,1.0003,0.021913,0.0484757,0.021914,1.0006,0.021916,8.0159,0.021898,6.8143139,0.021897,6.8143139,0.021896,1.1582242,0.021894,8.0159,0.021887,0.0007444
ETH-BTC,2019-07-30T12:30:44,2019-07-30T12:31:44,1564489844,1564489904,0.021905,0.02188,0.02188,0.021874,120.60380052,42.05973832,78.5440622,2.64094233959179,0.92108515687739,1.7198571827144,74,0.021935812191174672,0.021882687808825324,0.021905712057096113,0.02191593438525682,0.02192125266025273,-7.453160263227315e-06,-6.277521671559972e-06,-1.1756385916673435e-06,-0.059379710409716,-0.08676195260056709,-0.18703526298982423,25.62108144222583,33.1538534543846,39.14172137583091,0.021897200000000023,0.02190000000000002,0.021909249999999998,0.021922859999999985,0.021916415000000026,0.021893,1.348532,0.021894,2.3466768,0.021895,0.14052,0.021897,7.74852549,0.021902,4,0.02188,6.1601399,0.021874,1.4951525,0.021865,0.2008,0.021863,0.0005418,0.02186,0.048213
ETH-BTC,2019-07-30T12:31:44,2019-07-30T12:32:44,1564489904,1564489964,0.02188,0.021893,0.021893,0.021872,98.9543407,38.1379564,60.8163843,2.16535024011018,0.83453777547188,1.3308124646383,45,0.0219347369856994,0.021880963014300592,0.021904501384991722,0.02191503499759969,0.021920693201633864,-7.546131224670655e-06,-6.531243582182108e-06,-1.0148876424885467e-06,-0.04109213770432865,-0.09127002236115177,-0.1732707126897991,43.246600195347796,42.42966737427012,43.649948624982265,0.021897200000000023,0.02189940000000002,0.021907849999999996,0.021921719999999985,0.02191641000000003,0.021898,9.3715314,0.021904,3.1562585,0.021906,0.6294,0.021908,1.4449,0.021913,8.0159,0.021892,8.5745147,0.021879,8,0.021876,0.2506514,0.02187,2,0.021869,0.0534671
ETH-BTC,2019-07-30T12:32:44,2019-07-30T12:33:44,1564489964,1564490024,0.021893,0.021886,0.021894,0.021886,85.45578895,30.50010915,54.9556798,1.8709690495151,0.6677236957906,1.2032453537245,45,0.02193188611800932,0.021879313881990676,0.021902739348325845,0.02191389637024284,0.021920006207542104,-8.09138048249794e-06,-6.843270962245275e-06,-1.2481095202526646e-06,-0.0912991874372281,-0.10953902327704115,-0.20063839489285165,37.50403450684404,39.23182256324516,41.905742647616734,0.021894000000000018,0.02189670000000002,0.021905599999999997,0.021920559999999988,0.021916380000000027,0.021888,13.0766791,0.021892,1,0.021893,0.6294,0.021896,1.5673564,0.021899,1.4999999,0.021879,3.1298,0.021878,0.2506285,0.021866,1.342896,0.021865,8.0159,0.021863,0.0005418
ETH-BTC,2019-07-30T12:33:44,2019-07-30T12:34:44,1564490024,1564490084,0.021886,0.02188,0.02188,0.021874,113.54351655,41.33880545,72.2047111,2.48494828431748,0.90471854431378,1.5802297400037,45,0.02192913766502588,0.021877062334974117,0.021900573696104333,0.021912567100821553,0.021919214005412555,-8.904993086412266e-06,-7.255615387078674e-06,-1.6493776993335924e-06,-0.11412919424789186,-0.08676195260056709,-0.20979658852504288,32.997255374884446,36.649016192464615,40.45972505463912,0.02188880000000002,0.021893700000000023,0.021903099999999998,0.021919339999999985,0.02191633000000003,0.021888,3.8481744,0.021889,8.0159,0.021896,1.0009,0.021901,3.0599745,0.021903,3.1562585,0.021872,3.0146153,0.02187,2.5997666,0.021867,0.16281,0.021866,8.0159,0.021863,0.0005418
ETH-BTC,2019-07-30T12:34:44,2019-07-30T12:35:44,1564490084,1564490144,0.02188,0.021896,0.021896,0.021873,121.66997387,58.23663597,63.4333379,2.66289186022106,1.27473078351416,1.3881610767069,47,0.021925561636004245,0.021877638363995755,0.02190013810599916,0.021911917410593257,0.02191875432213706,-8.164604179659168e-06,-7.437413145594774e-06,-7.271910340643947e-07,0.0731261425959719,0.013703010094548627,-0.15959144589850124,51.60639327805558,46.83172310177864,45.675818518453084,0.021887000000000024,0.02189340000000002,0.0219016,0.021918439999999983,0.02191635000000003,0.021897,1,0.0219,10.5094,0.021903,1.0001,0.021904,6.5279032,0.021907,3.0068966,0.021881,6.2596,0.02188,3.491145,0.021879,3.491145,0.021878,0.4648731,0.021877,8.0579
ETH-BTC,2019-07-30T12:35:44,2019-07-30T12:36:44,1564490144,1564490204,0.021896,0.021888,0.021888,0.02188,131.33081362,46.31760068,85.01321294,2.87451863513977,1.01378779819237,1.8607308369474,57,0.02191993877741594,0.02187896122258406,0.021898982095904,0.021910979472922934,0.021918145325659097,-8.129660116762416e-06,-7.575862539828303e-06,-5.537975769341132e-07,-0.022838350157575762,-0.022838350157575762,-0.11864561467554188,44.23498019979269,43.05678333168515,43.67934279285717,0.021888600000000022,0.02189290000000002,0.02189945,0.02191705999999998,0.021916325000000025,0.021896,12.2407591,0.021897,1.7624,0.021899,2.4935,0.0219,8.0159,0.021904,2.6412064,0.021881,6.2596,0.02188,3.01445076,0.021879,3.491145,0.021877,8.0159,0.021876,0.11742
